species,gene_names,description,term_ids
osa,CMS-54257|cms-54257|CYTOPLASMIC MALE STERILITY 54257|Cytoplasmic mutant induced by somaclonal variation, anther,GO:0000001|GO:0007275|TO:0000232|PO:0009066
osa,CMS-JP|CMS-AK|[cms-ak]([cms-jp])|cms-jp|cms-ak|CYTOPLASMIC MALE STERILITY AK|Akebono' cytoplasm|'Akebono' cytoplasm, anther,GO:0000001|GO:0007275|TO:0000232|PO:0009066
osa,CMS-ARC|cms-ARC|cms-ARC] [mt|CYTOPLASMIC MALE STERILITY ARC|ARC13829-16 cytoplasm|`ARC13829-26' cytoplasm, microspore sensu Poaceae  PO0006318 floret sensu Poaceae GRO0007148 05booting stage,GO:0007275|TO:0000232|PO:0009082|PO:0020048
osa,CMS-BO|cms-bo|CYTOPLASMIC MALE STERILITY BO|Chinsurah boro II' cytoplasm|`Chinsurah boro 2' cytoplasm|'Chinsurah boro II' cytoplasm, microspore sensu Poaceae  PO0006318 floret sensu Poaceae GRO0007148 05booting stage X52160 urfrmc chimeric atp6,GO:0007275|GO:0005739|TO:0000232|PO:0009082|PO:0020048
osa,CMS-CW|cms-CW|CYTOPLASMIC MALE STERILITY CW|Chinese wild rice cytoplasm, microspore sensu Poaceae  PO0006318 floret sensu Poaceae GRO0007148 05booting stage,GO:0007275|TO:0000232|PO:0009082|PO:0020048
osa,CMS-GAM|cms-GAM|CYTOPLASMIC MALE STERILITY GAM|Gambiaca cytoplasm, microspore sensu Poaceae  PO0006318 floret sensu Poaceae GRO0007148 05booting stage,GO:0007275|TO:0000232|PO:0009082|PO:0020048
osa,CMS-HL|cms-HL|CYTOPLASMIC MALE STERILITY HL|HL group cytoplasm|HL-group cytoplasm, microspore sensu Poaceae  PO0006318 floret sensu Poaceae GRO0007148 05booting stage,GO:0007275|TO:0000232|PO:0009082|PO:0020048
osa,CMS-IR66707A|cms-IR66707A|CYTOPLASMIC MALE STERILITY IR66707A|Oryza perennis Acc104823 cytoplasm|Oryza perennis Acc. 104823 cytoplasm, microspore sensu Poaceae  PO0006318 floret sensu Poaceae GRO0007148 05booting stage,GO:0007275|TO:0000232|PO:0009082|PO:0020048
osa,CMS-KALINGA-I|cms-Kalinga-I|CYTOPLASMIC MALE STERILITY KALINGA|Cytoplasmic controlled cold tolerance, microspore sensu Poaceae  PO0009006 shoot  PO0009005 root  PO0006318 floret sensu Poaceae GRO0007148 05booting stage  GRO0007047 02seedling Kalinga I cytoplasm,GO:0009409|GO:0007275|TO:0000232|TO:0000303|TO:0000280|PO:0009082|PO:0020048|PO:0009005|PO:0009006
osa,CMS-KHIABORO|cms-Khiaboro|CYTOPLASMIC MALE STERILITY KHIABORO|'Khiaboro' cytoplasm, microspore sensu Poaceae  PO0006318 floret sensu Poaceae GRO0007148 05booting stage,GO:0007275|TO:0000232|PO:0009082|PO:0020048
osa,CMS-ID|cms-ld|CYTOPLASMIC MALE STERILITY ID|Lead rice' cytoplasm|'Lead rice' cytoplasm, microspore sensu Poaceae  PO0006318 floret sensu Poaceae GRO0007148 05booting stage,GO:0007275|TO:0000232|PO:0009082|PO:0020048
osa,CMS-SP|cms-sp|CYTOPLASMIC MALE STERILITY SP|MS577A cytoplasm|`MS577A' cytoplasm|'MS577A' cytoplasm, microspore sensu Poaceae  PO0006318 floret sensu Poaceae GRO0007148 05booting stage,GO:0007275|TO:0000232|PO:0009082|PO:0020048
osa,CMS-TA|cms-TA|CYTOPLASMIC MALE STERILITY TA|TA820' cytoplasm|`TA820' cytoplasm|'TA820' cytoplasm, microspore sensu Poaceae  PO0006318 floret sensu Poaceae GRO0007148 05booting stage,GO:0007275|TO:0000232|PO:0009082|PO:0020048
osa,CMS-UR102|cms-UR102|CYTOPLASMIC MALE STERILITY UR102|UR102F' cytoplasm|`UR102F' cytoplasm|'UR102F' cytoplasm, microspore sensu Poaceae  PO0006318 floret sensu Poaceae GRO0007148 05booting stage,GO:0007275|TO:0000232|PO:0009082|PO:0020048
osa,CMS-UR104|cms-UR104|CYTOPLASMIC MALE STERILITY UR104|UR104F' cytoplasm|`UR104F' cytoplasm|'UR104F' cytoplasm, microspore sensu Poaceae  PO0006318 floret sensu Poaceae GRO0007148 05booting stage,GO:0007275|TO:0000232|PO:0009082|PO:0020048
osa,CMS-UR106|cms-UR106|CYTOPLASMIC MALE STERILITY UR106|UR106F' cytoplasm|`UR106F' cytoplasm|'UR106F' cytoplasm, microspore sensu Poaceae  PO0006318 floret sensu Poaceae GRO0007148 05booting stage,GO:0007275|TO:0000232|PO:0009082|PO:0020048
osa,CMS-UR27|cms-UR27|CYTOPLASMIC MALE STERILITY UR27|UR27F' cytoplasm|`UR27F' cytoplasm|'UR27F' cytoplasm, microspore sensu Poaceae  PO0006318 floret sensu Poaceae GRO0007148 05booting stage,GO:0007275|TO:0000232|PO:0009082|PO:0020048
osa,CMS-UR89|cms-UR89|CYTOPLASMIC MALE STERILITY UR89|UR89F' cytoplasm|`UR89F' cytoplasm|'UR89F' cytoplasm, microspore sensu Poaceae  PO0006318 floret sensu Poaceae GRO0007148 05booting stage,GO:0007275|TO:0000232|PO:0009082|PO:0020048
osa,CMS-WA|cms-WA|CYTOPLASMIC MALE STERILITY WA|WA group cytoplasm|WA-group cytoplasm, microspore sensu Poaceae  PO0006318 floret sensu Poaceae GRO0007148 05booting stageWA derived from wild abortive a wild sterile plant found in Hainan Island China,GO:0007275|TO:0000232|PO:0009082|PO:0020048
osa,ACEF1|Ac ef1|Acef1|ACCELERATION OF HEADING EF 1|Acceleration of heading (ef1)|Acceleration of heading (fl21),A few days earlier heading than ef1 line when AC ef1 is combined with ef1  inflorescence GRO0007044 06heading stage,GO:0003700|TO:0000137|PO:0009049
osa,ACP3|Acp3|ACID PHOSPHATASE 3|Acid phosphatase3|Acid phosphatase 3|Acid phosphatase-3,L(ST=C). Variant is known only in wild taxa.,GO:0003993
osa,AE1|ae1|AMYLOSE EXTENDER 1|amylose extender1|amylose extender 1|amylose extender-1,High amylose mutant  endosperm GRO0007045 09mature grain stage,GO:0000271|GO:0007275|TO:0000587|TO:0000098|TO:0000196|TO:0000487|PO:0009089
osa,AE2|ae2(t)|ae2|AMYLOSE EXTENDER 2|amylose extender2|amylose extender 2|amylose extender-2,High amylose content more than 30 in whitecored grain  This mutant was induced by the gamma rays RGN44 High amylose mutant  endosperm GRO0007045 09mature grain stage,GO:0000271|GO:0007275|TO:0000196|TO:0000587|TO:0000487|TO:0000098|PO:0009089
osa,AGR1|agr1|AGRAVITROPISM 1|agravitropism1|agravitropism 1|agravitropism-1, embryo  PO0009005 root  PO0009025 leaf GRO0007047 02seedling  GRO0007043 01germination,GO:0009630|GO:0007275|GO:0009653|GO:0009790|TO:0000419|TO:0000043|TO:0000064|PO:0009005|PO:0009009|PO:0009025
osa,AM|Am(t)|Am|HIGH AMYLOSE|High amylose, endosperm GRO0007045 09mature grain stage,GO:0016051|TO:0000196|TO:0000098|PO:0009089
osa,ANA|Ana|AWN DEVELOPMENT A|Awn development-a,AWN DEVELOPMENT Awn development  seed  PO0006032 awn GRO0007044 06heading stage  GRO0007042 08dough stage  GRO0007045 09mature grain stage  GRO0007046 07milk stage,GO:0007275|TO:0000146|TO:0000072|PO:0006032|PO:0009010
osa,ANB|Anb|AWN DEVELOPMENT B|Awn development-b,AWN DEVELOPMENT Awn development  embryo  PO0006032 awn GRO0007044 06heading stage  GRO0007042 08dough stage  GRO0007045 09mature grain stage  GRO0007046 07milk stage,GO:0007275|TO:0000072|TO:0000146|PO:0006032|PO:0009009
osa,AO|ao|ACCERELATED INTERNODE OVERGROWTH|accerelated overgrowth of internode (Awa-odori)|accerelated overgrowth of internode,Extreme extension of internode and leaf blade at the vegetative and reproductive stages No ear formation RGN119  stem internode  PO0009049 inflorescence  PO0009025 leaf GRO0007148 05booting stage  GRO0007047 02seedling,GO:0007275|GO:0009826|TO:0000152|TO:0000135|TO:0000370|TO:0000089|TO:0000145|PO:0009025|PO:0009049|PO:0020142
osa,APD1|apd1|APICAL DISPLACEMENT 1|apical displacement1|apical displacement 1|apical displacement-1,Positions of both shoot and root in an embryo are displaced to the apex of embryo compared with those of the wild typeOnly one mutant allele apd11 has been identifiedIn a recessive allele position of shoot meristem is displaced toward the embryo apex due to underdevelopment of scutellum Multiple radicles are formedTaichung 65  stem  PO0009009 embryo  PO0009049 inflorescence  PO0009025 leaf GRO0007048 04stem elongation stage  GRO0007047 02seedling  GRO0007045 09mature grain stage,GO:0009790|GO:0009826|GO:0009653|GO:0007275|TO:0000040|TO:0000492|TO:0000064|TO:0000576|TO:0000370|PO:0009009|PO:0009025|PO:0009047|PO:0009049
osa,AS|as|ASYNAPSIS 1|asynapsis1|asynapsis 1|asynapsis,,GO:0007129
osa,Os09g0422500|LOC_Os09g25490.1|BC6|Bc6|OsCesA9|CESA9|OsCESA9|OS_CESA09|OsCesA 9|CesA9|BC88|BRITTLE CULM 6|Brittle culm6|Brittle culm 6|Brittle culm-6|Cellulose synthase A catalytic subunit 9 [UDP-forming]|Cellulose synthase A catalytic subunit 9,LOCOs09g25490 Induced from IR68 by EMS treatment CELLULOSE SYNTHASE CATALYTIC SUBUNIT AB527075 EC24112 A2Z1C8indica Q69P51japonica 06heading stage  GRO0007042 08dough stage  GRO0007046 07milk stage  GRO0007048 04stem elongation stage  GRO0007047 02seedling  GRO0007049 03tillering stage  GRO0007148 05booting stage  GRO0007045 09mature grain stage a secondary cell wall SCWrelated gene GO0036377 arbuscular mycorrhizal association lodging resistance GO1901698 response to nitrogen compound BC88 in Rao et al 2013 TO0000993 cellulose content,GO:0016023|GO:0009531|GO:0016021|GO:0005515|GO:0007047|GO:0005886|GO:0008270|GO:0009610|GO:0009808|GO:0009834|GO:0016020|GO:0016760|GO:0030244|GO:0031225|GO:0044403|GO:0010410|GO:0006950|GO:0009642|GO:0048573|TO:0000061|TO:0000051|TO:0000108|TO:0000168|TO:0000011|TO:0000460|TO:0000346|TO:0000137|TO:0000207|TO:0000227|TO:0000557|PO:0025025|PO:0009049|PO:0009025|PO:0009047
osa,BD2|bd2|BEAKED LEMMA 2|beaked lemma2|beaked lemma 2|beaked lemma-2,The tip of lemma bends as beak shape Duplicate gene with bd1  palea  PO0009037 lemma,GO:0007275|TO:0000079|PO:0009037|PO:0009038
osa,BF|Bf|BROWN FURROWS OF HULL|Brown furrows of hull,The part of interveins furrows of floral glumes is colored brown 298  stem  PO0009039 glume  PO0009088 seed coat GRO0007045 09mature grain stage,GO:0043473|TO:0000264|TO:0000287|TO:0000056|PO:0009039|PO:0009047|PO:0009088
osa,BHA|Bha(Bh1)|Bha|Bh1|BLACK HULL A|Black hull-a|Black hull-1,Black ripening color of floral glumes  Complementary action of three genes Bha Bhb and Bhc  glume  PO0009088 seed coat GRO0007045 09mature grain stage,GO:0043473|TO:0000264|TO:0000190|PO:0009039|PO:0009088
osa,BHB|Bhb(Bh2)|Bhb|Bh2|BLACK HULL B|Black hull-b|Black hull-2,Black ripening color of floral glumes  Complementary action of three genes Bha Bhb and Bhc  glume  PO0009088 seed coat GRO0007045 09mature grain stage,GO:0043473|TO:0000190|TO:0000264|PO:0009039|PO:0009088
osa,BL5|bl5|BROWN LEAF SPOT 5|brown leaf spot5|brown leaf spot 5|brown leaf spot-5,Small brown speckles with the size of sesame seed appear on leaf baldes 499  leaf GRO0007048 04stem elongation stage  GRO0007148 05booting stage  GRO0007049 03tillering stage  GRO0007047 02seedling  GRO0007044 06heading stage,GO:0015996|TO:0000326|TO:0000069|TO:0000063|PO:0009025
osa,BL6|bl6|BROWN LEAF SPOT 6|brown leaf spot6|brown leaf spot 6|brown leaf spot-6,Relatively large brown spots appear on leaves 499  leaf GRO0007048 04stem elongation stage  GRO0007148 05booting stage  GRO0007049 03tillering stage  GRO0007047 02seedling  GRO0007044 06heading stage,GO:0015996|TO:0000069|TO:0000326|TO:0000063|PO:0009025
osa,BPH5|bph5|BROWN PLANTHOPPER RESISTANCE 5|brown planthopper resistance 5|brown planthopper resistance-5, shoot  PO0009025 leaf GRO0007049 03tillering stage  GRO0007047 02seedling,GO:0009625|TO:0000424|PO:0009006|PO:0009025
osa,Os04g0431700|LOC_Os04g35210.1|BPH6|Bph6|BROWN PLANTHOPPER RESISTANCE 6|brown planthopper resistance 6|Brown planthopper resistance-6,LOCOs04g35210 KX818197 cDNA indica cultivar Swarnalata KX818198 genomic indica cultivar Swarnalata Gene Expression Omnibus GEO under accession code GSE86379  shoot  PO0009025 leaf GRO0007049 03tillering stage  GRO0007047 02seedling Bph6 was finally located in a region bordered by the STS markers Y19 and Y9 the corresponding region is 25kb on BAC clone OSJNBa0084A10 of Nipponbare We observed that there were many differences in the deduced amino acid sequences encoded by Bph6 in Swarnalata and Nipponbare Guo et al 2018 GO2000031 regulation of salicylic acid mediated signaling pathway GO2000022 regulation of jasmonic acid mediated signaling pathway,GO:0000145|GO:0080036|GO:0009625|GO:0009736|GO:0009867|GO:0009863|GO:0045921|TO:0000424|TO:0000205|PO:0009006|PO:0009025
osa,BPH7|bph7|BROWN PLANTHOPPER RESISTANCE 7|brown planthopper resistance 7|brown planthopper resistance-7, shoot  PO0009025 leaf GRO0007049 03tillering stage  GRO0007047 02seedling The BPH7 gene is located on the long arm of chromosome 12 between simple sequence repeat markers markers RM3448 and RM313 KU221258 Indica,GO:0009625|TO:0000424|PO:0009006|PO:0009025
osa,BPH8|bph8|BROWN PLANTHOPPER RESISTANCE 8|brown planthopper resistance 8|brown planthopper resistance-8,Brown planthopper resistance  shoot  PO0009025 leaf GRO0007047 02seedling,GO:0009625|TO:0000424|PO:0009006|PO:0009025
osa,BPH9|Bph9|BPH9/26|BROWN PLANTHOPPER RESISTANCE 9|brown planthopper resistance 9|Brown planthopper resistance-9,Brown planthopper resistance  shoot  PO0009025 leaf GRO0007047 02seedling KU216220 KU216221 Indica GO0080151 positive regulation of salicylic acid mediated signaling pathway GO2000022 regulation of jasmonic acid mediated signaling pathway BPH9 is allelic to BPH26 Zhao et al 2016 a nucleotidebinding and leucinerich repeat NLRcontaining protein PH9 KU216220  LOCOs12g37290 in Kamolsukyeunyong et al 2019,GO:0009625|GO:0009863|GO:0009867|GO:0043531|TO:0000424|TO:0000172|PO:0009006|PO:0009025
osa,BSV|Bsv(Bs)|Bs|Bsv|BLACK STREAKED DWARF RESISTANCE|Black streaked dwarf resistance,Dominant gene Resistant to black streaked dwarf disease viral disease transmitted by Small Brown Planthopper Laodelphax striatellus  shoot  PO0009025 leaf GRO0007049 03tillering stage  GRO0007047 02seedling,GO:0009615|TO:0000020|PO:0009006|PO:0009025
osa,BZS|bzs|bol|BENTAZON SUSCEPTIBILITY|bentazon susceptibility,Susceptible to the herbicide bentazon to which the rice is tolerant normally  shoot  PO0009025 leaf GRO0007049 03tillering stage  GRO0007047 02seedling,GO:0009635|TO:0000058|PO:0009006|PO:0009025
osa,CE|Ce|Ce1|Ce2|CERCOSPORA RESISTANCE|Cercospora resistance|Cercospora resistance-1|Cercospora resistance-2, leaf GRO0007049 03tillering stage  GRO0007047 02seedling,GO:0009620|TO:0000422|PO:0009025
osa,CG|cg|CIGER SHAPED PANICLE|ciger shaped panicle, stem  PO0009049 inflorescence  PO0009010 seed GRO0007048 04stem elongation stage  GRO0007148 05booting stage  GRO0007044 06heading stage  GRO0007042 08dough stage  GRO0007045 09mature grain stage  GRO0007046 07milk stage,GO:0007275|GO:0009826|TO:0000576|TO:0000146|TO:0000391|TO:0000089|PO:0009010|PO:0009047|PO:0009049
osa,CHS2|chs2(t)|chs2|CHLOROSIS CAUSED BY LOW TEMPERATURE 2|chlorosis caused by low temperature2|chlorosis caused by low temperature 2|chlorosis caused by low temperature-2,chlorosis caused by low temperature 17C  leaf GRO0007047 02seedling,GO:0015994|GO:0015995|GO:0009409|TO:0000299|TO:0000432|TO:0000495|PO:0009025
osa,CHS3|chs3(t)|chs3|CHLOROSIS CAUSED BY LOW TEMPERATURE 3|chlorosis caused by low temperature3|chlorosis caused by low temperature 3|chlorosis caused by low temperature-3,chlorosis caused by low temperature 17C  leaf GRO0007047 02seedling,GO:0015995|GO:0009409|GO:0015994|TO:0000495|TO:0000432|TO:0000299|PO:0009025
osa,CHS4|chs4(t)|chs4|CHLOROSIS CAUSED BY LOW TEMPERATURE 4|chlorosis caused by low temperature4|chlorosis caused by low temperature 4|chlorosis caused by low temperature-4,chlorosis caused by low temperature 15C  leaf GRO0007047 02seedling,GO:0015994|GO:0009409|GO:0015995|TO:0000432|TO:0000495|TO:0000299|PO:0009025
osa,Os04g0493400|LOC_Os04g41620.1|CHT4|Cht4(t)(Chi4)|Chi4|Cht4|OsChia2b|Chi-4|CHIT2|OsCHIT2|PR3|OsPR3|CHITINASE 4|Chitinase4|Chitinase IIb|Chitinase 4|Pathogenesis related (PR)-3 chitinase 4|Chitinase-4|PR-3 CLASS IV CHITINASE|Chitinase-4(novel type),"EC=3.2.1.14 PR-3 chitinase. pathogenesis related 3 chitinase. O04138. D47304, C19108, AB054687. CHIT2 in Liu et al. 2018. OsPR3  in Chen et al. 2018.",GO:0004568|GO:0006032|GO:0006952|GO:0008061|GO:0051707|GO:0016023|GO:0016998
osa,CIM|cinm|CINM|cim|CROSS-INCOMPATIBILITY REACTIONS IN THE MALE|cross-incompatibility carried by T65wx,Crossincompatibility carried by T65wx  floret sensu Poaceae GRO0007044 06heading stage,GO:0009856|GO:0009566|TO:0000035|PO:0009082
osa,CLE1|cle|cle1|CLUB-SHAPED EMBRYO 1|club-shaped embryo1|club-shaped embryo 1|club-shaped embryo-1,This gene produces undifferentiated minute clubshaped embryos  embryo GRO0007044 06heading stage  GRO0007042 08dough stage  GRO0007045 09mature grain stage  GRO0007046 07milk stage,GO:0009887|GO:0009888|TO:0000064|PO:0009009
osa,CLW|clw|CLAW SHAPED SPIKELET|claw shaped spikelet,The palea grows short such as being covered by lemma showing claw shaped expression 499  palea  PO0009037 lemma  PO0006318 floret sensu Poaceae GRO0007044 06heading stage  GRO0007042 08dough stage  GRO0007045 09mature grain stage  GRO0007046 07milk stage,GO:0007275|TO:0000079|PO:0009082|PO:0009037|PO:0009038
osa,CNX1|cnx1|cnx 1|COFACTOR FOR NITRATE REDUCTASE AND XANTHINE DEHYDROGENASE  1|molybden cofactor1|molybden cofactor 1|molybdenum cofactor for nitrate reductase-1|cofactor for nitrate reductase and xanthine dehydrogenase 1,Molybdenum cofactor MoCo is deficient Nitrate reductase NR activity is considerably low compared to the wild type Addition of molybdate recovers NR activity to that of the wild type level  shoot  PO0009025 leaf GRO0007047 02seedling,GO:0006777|GO:0016163|GO:0016612|PO:0009006|PO:0009025
osa,CNX2|cnx2|cnx 2|COFACTOR FOR NITRATE REDUCTASE AND XANTHINE DEHYDROGENASE  2|molybden cofactor2|molybden cofactor 2|molybdenum cofactor for nitrate reductase-2|cofactor for nitrate reductase and xanthine dehydrogenase 2,Molybdenum cofactor MoCo is deficient Activity of nitrate reductase is considerably low compared to its wild type Addition of molybdate does not recover the activity This gene is located between RFLP markers C513 and C377 on the long arm of chromosome 4  shoot  PO0009025 leaf GRO0007047 02seedling,GO:0006777|GO:0016163|GO:0016612|PO:0009006|PO:0009025
osa,CNX3|cnx3|cnx 3|COFACTOR FOR NITRATE REDUCTASE AND XANTHINE DEHYDROGENASE  3|molybden cofactor3|molybden cofactor 3|molybdenum cofactor for nitrate reductase-3|cofactor for nitrate reductase and xanthine dehydrogenase 3,Molybdenum cofactor MoCo deficient mutant Activity of nitrate reductase and xanthine dehydrogenase is considerably lower than in the wild type  shoot  PO0009025 leaf GRO0007047 02seedling,GO:0006777|GO:0016163|GO:0016612|PO:0009006|PO:0009025
osa,CPS|cps|COMPACT PANICLE STERILE|compact panicle sterile, lodicule  PO0006384 gynoecium sensu Poaceae  PO0009038 palea  PO0006457 ovule sensu Poaceae  PO0009037 lemma  PO0006442 anther sensu Poaceae  PO0006318 floret sensu Poaceae GRO0007044 06heading stage,GO:0009888|GO:0009887|TO:0000436|TO:0000485|TO:0000079|PO:0009082|PO:0009062|PO:0009066|PO:0020003|PO:0009036|PO:0009037|PO:0009038
osa,CTB|Ctb|Ctb1|COLD TOLERANCE AT THE BOOTING STAGE|Cold tolerance at the booting stage|Cold tolerance at booting stage-1, plant structure  PO0000003 whole plant,GO:0009409|TO:0000303|PO:0000003|PO:0009011
osa,CTS1|Cts1|COLD TOLERANCE AT SEEDLING STAGE 1|Cold tolerance at seedling stage1|Cold tolerance at seedling stage 1|Cold tolerance at seedling stage-1,Cold tolerance was examined with 10day old seedlings to cold water temperature 12C for 10 days dominant gene  plant structure  PO0000003 whole plant,GO:0009409|TO:0000303|PO:0000003|PO:0009011
osa,CTS2|Cts2(t)|Cts2|COLD TOLERANCE AT SEEDLING STAGE 2|Cold tolerance at seedling stage2|Cold tolerance at seedling stage 2|Cold tolerance at seedling stage-2,Tolerance to chilling injury of young 12 days old seedling expressed at 5C for 4 daysWithout this gene whole leaf blade and leaf sheath become withered and dead  leaf GRO0007047 02seedling,GO:0009409|TO:0000303|PO:0009025
osa,"Os02g0477700|LOC_Os02g27620.2, LOC_Os02g27620.1|D12|d12(d50)|dwf11|d50|d12|d32|F71|DMT9|DWARF YUKARA DWARF OR FUKEI 71|yukara dwarf or fukei 71 dwarf|dwarf-12|DWARF50",This gene remarkably shortens the internodes at and below the third one increasing lodging resistance and protecting from cool weather with a shallower irrigation water Flag leaves are erect  stem GRO0007048 04stem elongation stage  GRO0007044 06heading stageD50 gene  encoding inositol polyphosphate 5phosphatase is required for development of intercalary meristem 2012 AB571989,GO:0009826|GO:0009266|GO:0009832|TO:0000145|TO:0000207|TO:0000432|TO:0000303|TO:0000068|TO:0000576|TO:0000124|PO:0009047
osa,D13|d13|dwf12|DWARF SHORT GRAINED|short grained dwarf|dwarf-13,Dwarf Small stout panicle axis and round grains  stem  PO0009049 inflorescence  PO0009010 seed,GO:0007275|TO:0000040|TO:0000207|TO:0000342|TO:0000576|TO:0000391|TO:0000089|PO:0009010|PO:0009047|PO:0009049
osa,"Os04g0550600|LOC_Os04g46470.1|D17|d17(t)|dwf14|d17|htd1|OsCCD7|CCD7|D17/HTD1|HTD1|OsD17|DWARF SLENDER DWARF, TILLERING|slender dwarf|tillering dwarf|dwarf-17|high-tillering dwarf1|high-tillering dwarf 1|High-Tillering Dwarf1|High-Tillering Dwarf 1|catotenoid dioxygenase 7|carotenoid-cleaving dioxygenase 7|carotenoid cleavage dioxygenase 7|MAX3 ortholog",Similar to bunketsuwaito Profuse tillering with slender leaves 10003  AL663000 Q7XU29  strigolactone biosynthetic process LOCOs04g46470 GO1901698 response to nitrogen compound,GO:0010223|GO:0007275|GO:0016702|GO:0016121|GO:0009733|GO:0009507|GO:0009735|GO:0046872|GO:0045549|TO:0000167|TO:0000180|TO:0000089|TO:0000370|TO:0000576|TO:0000346|TO:0000207|TO:0000492|TO:0000152|TO:0000011|TO:0000163|PO:0004709|PO:0005001|PO:0006023|PO:0009005|PO:0009025|PO:0009049|PO:0009047
osa,D19|d19(t)|dwf16|d19|DWARF KAMIKAWA|kamikawa dwarf|dwarf-19,Short culms and dense panicles with undulate rachis  stem  PO0009049 inflorescence,GO:0007275|TO:0000207|TO:0000089|TO:0000576|PO:0009047|PO:0009049
osa,D22|d22(t)|dwf19|d22|DWARF JOKEI 6549|jokei 6549 dwarf|dwarf-22, stem  PO0009049 inflorescence  PO0009010 seed,GO:0007275|TO:0000089|TO:0000207|TO:0000391|TO:0000576|PO:0009010|PO:0009047|PO:0009049
osa,D23|d23(t)|dwf20|d23|DWARF AH-7|ah-7 dwarf|dwarf-23,slender culms with normal grains  stem  PO0005005 shoot internode,GO:0007275|TO:0000576|TO:0000132|TO:0000207|TO:0000339|PO:0005005|PO:0009047
osa,D24|d24(t)|dwf21|d24|DWARF M-7|m-7 dwarf|dwarf-24,Slender and sinuous culms with short grains  stem  PO0005005 shoot internode,GO:0007275|TO:0000361|TO:0000207|TO:0000132|TO:0000391|TO:0000576|PO:0005005|PO:0009047
osa,"Os06g0570100|LOC_Os06g37364.3, LOC_Os06g37364.2, LOC_Os06g37364.1|D35|d35|d35(t)|dwf30|OsKOL2|KOL2|KO2|OsKO2|OSKO2|KO|CYP701A|CYP701A6|Os KO2|OsKOL2/CYP701A|DWARF TANGINBOZU|tanginbozu dwarf|Tan-Ginbozu|dwarf-35|ent-kaurene oxidase2|cytochrome P450 701A6",entkaurene oxidase ENTKAURENE OXIDASE KO  leaf sheath  PO0009047 stem  PO0020039 leaf lamina  PO0009049 inflorescence  PO0020122 inflorescence axis GRO0007151 61flowering stage  GRO0007139 Avegetative stageAY660665 This gene encodes one of the GA metabolic enzymes entkaurene oxidase K0 It is locasted on chromosome 6 at 76cM forming a gene cluster with 5 tandem repeats OsKOL1 to OsKOL5 EF577644EF577648 wild rice species,GO:0020037|GO:0016705|GO:0004497|GO:0009686|GO:0009055|GO:0016023|GO:0010241|GO:0032940|GO:0022900|TO:0000207|PO:0009047|PO:0009049|PO:0020122|PO:0020039|PO:0020104
osa,D49|d49(t)|DWARF REIMEI|reimei dwarf,,GO:0007275|TO:0000207
osa,D59|d59(t)|dwf40|d59|DWARF DM107-4|dwarf (DM107-4)|dwarf-59,40 shorter in plant height compared with the original variety Lodging tolerance  stem,GO:0007275|TO:0000207|TO:0000068|TO:0000576|PO:0009047
osa,DA|Da(D1)|Da|D1|Dhl3|DOMINANT LETHAL|Dominant lethal|Dominant lethal-a|Dominant hybrid lethal-3,complementary  flower,GO:0009653|GO:0009790|TO:0000042|TO:0000355|PO:0009046
osa,DB|Db(D2)|D2|Db|Dhl4|DWARFBAMBOO SHOOT 1|Dominant lethal-b|Dominant hybrid lethal-4,Dominant lethal  flower,GO:0009790|GO:0009653|TO:0000042|TO:0000355|PO:0009046
osa,DIA1|Dia1(t)|Dia1|DIAPHORASE 1|Diaphorase1|Diaphorase 1|Diaphorase-1,L(ST).,GO:0003959|GO:0004148
osa,DIA2|Dia2(t)|Dia2|DIAPHORASE 2|Diaphorase2|Diaphorase 2|Diaphorase-2,L(ST).,GO:0004148|GO:0003959
osa,DN2|Dn2|DENSE PANICLE 2|Dense panicle2|Dense panicle 2|Dense panicle-2, stem  PO0009049 inflorescence  PO0009010 seed GRO0007048 04stem elongation stage  GRO0007148 05booting stage  GRO0007044 06heading stage  GRO0007042 08dough stage  GRO0007045 09mature grain stage  GRO0007046 07milk stage,GO:0007275|TO:0000089|TO:0000576|TO:0000339|TO:0000484|PO:0009010|PO:0009047|PO:0009049
osa,DN3|dn3|DENSE PANICLE 3|dense panicle3|dense panicle 3|dense panicle-3,Dense panicle caused by the increased number and decreased length of primary rachilla This mutant bears small panicles less than 5cm with often malformed spikelets like those having long empty glumes and produces a few adventitious roots at the base of   glume  PO0009049 inflorescence  PO0009037 lemma  PO0009038 palea GRO0007148 05booting stage  GRO0007044 06heading stage  GRO0007042 08dough stage  GRO0007045 09mature grain stage  GRO0007046 07milk stage,GO:0007275|TO:0000040|TO:0000089|TO:0000052|TO:0000079|TO:0000142|PO:0009037|PO:0009038|PO:0009039|PO:0009049
osa,DS1|ds1|DESYNAPSIS 1|desynapsis1|desynapsis 1|desynapsis-1,,GO:0007135
osa,DS10|ds10(t)|ds10|DESYNAPSIS 10|desynapsis10|desynapsis 10|desynapsis-10,,GO:0007135
osa,DS11|ds11(t)|ds11|DESYNAPSIS 11|desynapsis11|desynapsis 11|desynapsis-11,,GO:0007135
osa,DS2|ds2(t)|ds2|DESYNAPSIS 2|desynapsis2|desynapsis 2|desynapsis-2,,GO:0007135
osa,DS4|ds4(t)|ds4|DESYNAPSIS 4|desynapsis4|desynapsis 4|desynapsis-4,,GO:0007135
osa,DS5|ds5(t)|ds5|DESYNAPSIS 5|desynapsis5|desynapsis 5|desynapsis-5,,GO:0007135
osa,DS6|ds6(t)|ds6|DESYNAPSIS 6|desynapsis6|desynapsis 6|desynapsis-6,,GO:0007135
osa,DS7|ds7(t)|ds7|DESYNAPSIS 7|desynapsis7|desynapsis 7|desynapsis-7,,GO:0007135
osa,DS8|ds8(t)|ds8|DESYNAPSIS 8|desynapsis8|desynapsis 8|desynapsis-8,,GO:0007135
osa,DS9|ds9(t)|ds9|DESYNAPSIS 9|desynapsis9|desynapsis 9|desynapsis-9,,GO:0007135
osa,DU2|du2|DULL ENDOSPERM 2|dull endosperm2|dull endosperm 2|dull endosperm-2,low amylose content mutant  endosperm GRO0007045 09mature grain stage,GO:0005976|GO:0009568|TO:0000105|TO:0000196|PO:0009089
osa,"Os02g0612300|LOC_Os02g39890.2, LOC_Os02g39890.1|DU3|du3|OsCBP20|OsCBP20/du3|CBP20|DULL ENDOSPERM 3|dull endosperm3|dull endosperm 3|dull endosperm-3|dull 3|cap-binding protein 20",low amylose content mutant  endosperm GRO0007045 09mature grain stage Q84L14,GO:0005846|GO:0045292|GO:0031053|GO:0000166|GO:0009737|GO:0009651|GO:0009568|GO:0009408|GO:0006970|GO:0006370|GO:0005976|GO:0005634|GO:0005737|GO:0000394|GO:0000339|TO:0000615|TO:0000432|TO:0000105|TO:0000429|TO:0000196|TO:0000095|PO:0009089
osa,DU5|du5|DULL ENDOSPERM 5|dull endosperm5|dull endosperm 5|dull endosperm-5,dull endosperm low amylose content low amylose content mutant  endosperm GRO0007045 09mature grain stage,GO:0009568|GO:0005976|TO:0000196|TO:0000105|PO:0009089
osa,Os04g0461800|LOC_Os04g38810.1|DW2|dw2(fh2)|dw2|fh2|FH2|OsFH2|DEEP WATER TOLERANCE 2|deep water tolerance2|deep water tolerance-2|Formin-like protein 2|formin homology 2|forming family protein 2|FH2 protein 2|FH2 domain protein 2,LOCOs04g38810 A2XUA1indica Q7XUV2japonica  whole plant,GO:0016023|GO:0016021|GO:0009413|GO:0016020|GO:0003779|GO:0030036|TO:0000103|TO:0000170|PO:0000003
osa,DW3|dw3|DEEP WATER TOLERANCE 3|deep water tolerance3|deep water tolerance 3|deep water tolerance-3,Elongation of internodes in responce to deepwater  whole plant,GO:0009413|TO:0000103|TO:0000170|PO:0000003
osa,E2|HEADING DATE 2|Heading date2|Heading date 2|Heading date-2, inflorescence,GO:0009648|GO:0003700|TO:0000137|PO:0009049
osa,EF2|ef2 (=lf-1)|ef2(t) (lf1)|lf1|ef2|EARLINESS 2|late heading2|late heading 2|late heading-2,14 days later in heading than the original strain Taichung 65 T65 RGN1222  inflorescence,GO:0009648|GO:0003700|TO:0000137|PO:0009049
osa,EF3|ef3(t)|ef3|EARLINESS 3|late heading3|late heading 3|late heading-3,10 days later in heading than the original strain Taichung 65 T65 RGN1222  inflorescence,GO:0003700|GO:0009648|TO:0000137|PO:0009049
osa,EF4|ef4|ef4(t)|EARLINESS 4|late heading4|late heading 4|late heading-4,14 days later in heading than the original strain Taichung 65 T65 RGN1222  inflorescence,GO:0009648|GO:0003700|TO:0000137|PO:0009049
osa,EL|El|FLOATING HABIT|Floating habit|Floating habit (elongation ability),complementary with sd1 or d18k  plant structure  PO0000003 whole plant  PO0005005 shoot internode,GO:0009685|GO:0009413|TO:0000145|TO:0000103|TO:0000170|PO:0000003|PO:0005005|PO:0009011
osa,EML1|eml1|EMBRYOLESS 1|embryoless1,,GO:0009790|GO:0009653|GO:0009266
osa,EML1|eml1|EMBRYOLESS 1|embryoless1|embryoless 1|embryoless-1, embryo GRO0007044 06heading stage  GRO0007042 08dough stage  GRO0007045 09mature grain stage  GRO0007046 07milk stage,GO:0009888|GO:0009887|TO:0000432|TO:0000064|PO:0009009
osa,"Os04g0692750|LOC_Os04g59624.3, LOC_Os04g59624.2, LOC_Os04g59624.1|ENL1|enl1|ENDOSPERMLESS 1|endospermless1|endospermless 1|endospermless-1|SNF2 family helicase ENL1", embryo  PO0009089 endosperm orthologous to human Plk1Interacting Checkpoint Helicase PICH LOCOs04g59624 SNF2 family helicase,GO:0005737|GO:0007059|GO:0000280|GO:0005634|GO:0009790|GO:0009960|GO:0009653|GO:0007067|TO:0000587|TO:0000064|TO:0000231|TO:0000113|PO:0009009|PO:0009089|PO:0007633
